city,population,gdp_per_capita,time_zone,safety_index
Central,129400000,None,Asia/Hong_Kong,None
Byblos,20784,None,Asia/Beirut,None
Nara,367353,33834.3921056453,Asia/Tokyo,None
Tumkur,307359,2484.8454294403,Asia/Kolkata,None
Davangere,435128,2484.8454294403,Asia/Kolkata,None
Tuzla,142486,8426.09111019155,Europe/Istanbul,None
Brest,362641,7829.05313660622,Europe/Paris,None
Aracatuba,170024,10043.6239221567,America/Sao_Paulo,None
Santa Cruz do Sul,106113,10043.6239221567,America/Sao_Paulo,None
Padang,909040,4940.54980501156,Asia/Jakarta,None
Simferopol,336460,5181.36279296875,Europe/Simferopol,None
Manizales,434403,6979.72513470377,America/Bogota,None
Tula de Allende,28577,13926.1136190914,America/Mexico_City,None
Sabadell,206493,32676.9837109377,Europe/Madrid,None
Kandy,111701,3827.96480560557,Asia/Colombo,None
Toscana,3729641,38373.1660497534,Europe/Rome,None
Patra,168034,22990.0135680461,Europe/Athens,None
Vigo,297332,32676.9837109377,Europe/Madrid,None
Pocheon,158487,33121.3712885508,Asia/Seoul,None
Klaipeda,172292,27102.7815282971,Europe/Vilnius,None
Ruzomberok,30806,24470.238537883,Europe/Bratislava,None
Rio,6747815,10043.6239221567,Europe/Athens,None
Pieve Emanuele,15860,38373.1660497534,Europe/Rome,None
Tullamore,433,64711.7656030565,Europe/Dublin,None
Jabalpur,1030168,2484.8454294403,Asia/Kolkata,None
Larissa,146926,22990.0135680461,Europe/Athens,None
Pleven,100952,15797.5955773596,Europe/Sofia,None
Alcala de Henares,204574,32676.9837109377,Europe/Madrid,None
Domodossola,17778,38373.1660497534,Europe/Rome,None
Buon Ma Thuot,146975,4346.76849237821,Asia/Ho_Chi_Minh,None
Sulaymaniyah,878146,5512.47571978422,Asia/Baghdad,None
Rozzano,39731,38373.1660497534,Europe/Rome,None
Maryville,28464,81695.1870713305,America/Chicago,None
Phuket,79308,7171.80809318978,Asia/Bangkok,None
"Bata Cabs, Selangor",None,None,Asia/Kuala_Lumpur,None
Rajouri,141633,2484.8454294403,Asia/Kolkata,None
Kangham-Gu,None,None,Asia/Seoul,None
Goyangsi,1073069,33121.3712885508,Asia/Seoul,None
Tosu,72755,33834.3921056453,Asia/Tokyo,None
Al Madinah,1300000,28894.963351808,Asia/Aden,None
Tsu,163461,33834.3921056453,Asia/Tokyo,None
Rize,119828,12985.7531497962,Europe/Istanbul,None
Angers,168279,44460.8178457009,Europe/Paris,None
Chetumal,169028,13926.1136190914,America/Cancun,None
Torrette,59,38373.1660497534,Europe/Rome,None
Oberschleissheim,11290,52745.7557064131,Europe/Berlin,None
Davos,10898,99994.9380204786,Europe/Zurich,None
Hellerup,0,67967.3818685562,Europe/Copenhagen,None
Augsburg,259196,52745.7557064131,Europe/Berlin,None
Mantova,39260,38373.1660497534,Europe/Rome,None
Golnik,1063,32163.5114152484,Europe/Ljubljana,None
Luxembourg,607728,128259.402583282,Europe/Luxembourg,None
Padermo Dugnano,None,None,Europe/Rome,None
Borstel,0,52745.7557064131,Europe/Berlin,None
Langen,35416,52745.7557064131,Europe/Berlin,None
Cartagena,914552,6979.72513470377,America/Bogota,None
Faro,0,53371.6974319701,Europe/Lisbon,None
Chestnut Hill,0,81695.1870713305,America/New_York,None
Novocherkassk,0,13817.0458984375,Europe/Moscow,None
Samutprakan,388920,7171.80809318978,Asia/Bangkok,None
Mardan,300424,1407.02135059495,Asia/Karachi,None
Fukuyama,0,33834.3921056453,Asia/Tokyo,None
Kasuga,0,1211.05859375,Asia/Tokyo,None
Herning,50565,67967.3818685562,Europe/Copenhagen,None
Grålum,0,87961.7806135072,Europe/Oslo,None
Hamar,29479,87961.7806135072,Europe/Oslo,None
Randers,62802,67967.3818685562,Europe/Copenhagen,None
Holbak,0,6253.16161272014,Europe/Copenhagen,None
Viborg,41239,67967.3818685562,Europe/Copenhagen,None
Sakaeo,28497,7171.80809318978,Asia/Bangkok,None
Huangshan,20136,12614.0609948923,Asia/Shanghai,None
Cagayan de Oro City,445103,3725.55120488081,Asia/Manila,None
Aubière,11054,44460.8178457009,Europe/Paris,None
Palampur,87527,2484.8454294403,Asia/Kolkata,None
Goyang,1073069,33121.3712885508,Asia/Seoul,None
Łód´ z,None,None,Europe/Warsaw,None
Anshan,1450000,12614.0609948923,Asia/Shanghai,None
Ang Thong,13738,7171.80809318978,Asia/Bangkok,None
"Chromepet, Chennai",None,None,Asia/Kolkata,None
Somerset,1289,6874.20028399387,America/New_York,None
Kaduna,1850000,1621.12351497744,Africa/Lagos,None
Agona,0,2238.15802077213,Africa/Accra,None
Sakai,782339,33834.3921056453,Asia/Tokyo,None
Chicago IL,9460000,81695.1870713305,America/Chicago,None
Viña del Mar,294551,17093.2419713921,America/Santiago,None
Gatineau,242124,53371.6974319701,America/Toronto,None
Manhasset,8080,81695.1870713305,America/New_York,None
Satara,112793,2484.8454294403,Asia/Kolkata,None
Jigjiga,483000,1293.7780075976,Africa/Addis_Ababa,None
Michigan City,31459,81695.1870713305,America/Chicago,None
La Salle,1024,44460.8178457009,Asia/Kuala_Lumpur,None
Eskisehir,906617,12985.7531497962,Europe/Istanbul,None
Aix-en-Provence,146821,44460.8178457009,Europe/Paris,None
Gdansk,461865,22112.861574706,Europe/Warsaw,None
Barbacena,122211,10043.6239221567,America/Sao_Paulo,None
Bielsko-Biala,176515,22112.861574706,Europe/Warsaw,None
Msida,13713,37882.2651856816,Europe/Malta,None
Bartin,81692,12985.7531497962,Europe/Istanbul,None
Gyanpur,200000,2484.8454294403,Asia/Kolkata,None
Horten,25471,87961.7806135072,Europe/Oslo,None
101 Reykjavík,118918,78811.0583922693,Atlantic/Reykjavik,None
Paphos,35961,34701.44140625,Asia/Nicosia,None
Maragheh,0,4502.5463291805,Asia/Tehran,None
Allahabad,1073438,2484.8454294403,Asia/Kolkata,None
Kristiansand,93205,87961.7806135072,Europe/Oslo,None
New Prague,7582,81695.1870713305,America/Chicago,None
Khulna,1500689,2529.08012688018,Asia/Dhaka,None
Miskolc,154521,22147.2097290479,Europe/Budapest,None
Rancagua,212695,17093.2419713921,America/Santiago,None
Salamanca,155619,32676.9837109377,Europe/Madrid,None
Barranquilla,1206319,6979.72513470377,America/Bogota,None
Virginia Beach,1710000,81695.1870713305,America/New_York,None
Cape Coast,212426,2238.15802077213,Africa/Accra,None
Juiz de Fora,573285,10043.6239221567,America/Sao_Paulo,None
Sargodha,542603,1407.02135059495,Asia/Karachi,None
Almeria,188810,32676.9837109377,Europe/Madrid,None
Trois-Rivieres,119693,53371.6974319701,America/Toronto,None
Muzaffarnagar,1406843,2484.8454294403,Asia/Kolkata,None
Valmiera,26963,23184.3116680149,Europe/Riga,None
Ado-Ekiti,435000,1621.12351497744,Africa/Lagos,None
Jonquiere,54842,53371.6974319701,America/Toronto,None
Tunceli,84366,12985.7531497962,Europe/Istanbul,None
Nakorn,76237,7171.80809318978,Asia/Bangkok,None
Baoding,2739887,12614.0609948923,Asia/Shanghai,None
Gorgan,244937,4502.5463291805,Asia/Tehran,None
Erfurt,213692,52745.7557064131,Europe/Berlin,None
"Chatuchak, Bangkok",None,None,Asia/Bangkok,None
Veszprem,56927,22147.2097290479,Europe/Budapest,None
Tihany,1438,22147.2097290479,Europe/Budapest,None
Vacratot,0,22147.2097290479,Europe/Budapest,None
Aiken,0,81695.1870713305,America/New_York,None
Corvallis,55780,81695.1870713305,America/Los_Angeles,None
Puente Alto,568106,17093.2419713921,America/Santiago,None
Mahasarakam,10672,7171.80809318978,Asia/Bangkok,None
Mbarara,97500,1014.21397773156,Africa/Kampala,None
Bangka Tengah,198946,4940.54980501156,Asia/Jakarta,None
As,139163,37533.2177177327,Europe/Oslo,None
Yala,93558,7171.80809318978,Asia/Bangkok,None
Navarra,661537,32676.9837109377,Europe/Madrid,None
Vicenza,111980,38373.1660497534,Europe/Rome,None
Chitose,0,33834.3921056453,Asia/Tokyo,None
Ampang,126285,11648.6741574144,Asia/Kuala_Lumpur,None
Jacksonville,28643,81695.1870713305,America/New_York,None
Minami-saitama District,None,None,Asia/Tokyo,None
Las Cruces,101643,81695.1870713305,America/Denver,None
Helena-West Helena,20000,81695.1870713305,America/Chicago,None
Belihuloya,0,3827.96480560557,Asia/Colombo,None
Ratnapura,47832,3827.96480560557,Asia/Colombo,None
Ulrika,370,56305.250200767,Europe/Stockholm,None
Busan,3678555,33121.3712885508,Asia/Seoul,None
Palakkad,132728,2484.8454294403,Asia/Kolkata,None
Pattani,718077,7171.80809318978,Asia/Bangkok,None
Rampur,763580,2529.08012688018,Asia/Kathmandu,None
Biratnagar,244750,1324.03198433372,Asia/Kathmandu,None
Natick,32276,81695.1870713305,America/New_York,None
Mueang,254375,7171.80809318978,Asia/Bangkok,None
Luzern,81691,99994.9380204786,Europe/Zurich,None
Antananarivo,1349501,528.650154757007,Indian/Antananarivo,None
Abuja,2690000,1621.12351497744,Africa/Lagos,None
Pantnagar,0,2484.8454294403,Asia/Kolkata,None
Kilakarai,127690,2484.8454294403,Asia/Kolkata,None
Jiaxing,1180000,12614.0609948923,Asia/Shanghai,None
Collegeville,3516,81695.1870713305,America/New_York,None
Aligarh,753207,2484.8454294403,Asia/Kolkata,None
"Brasília, Distrito Federal",2648532,10043.6239221567,America/Sao_Paulo,None
Itabuna,205660,10043.6239221567,America/Bahia,None
Pozuelo de Alarcon,82428,32676.9837109377,Europe/Madrid,None
La Cuesta,5000,32676.9837109377,Atlantic/Canary,None
Si Maha Phot,100563,7171.80809318978,Asia/Bangkok,None
Kuopio,121557,53755.9117362796,Europe/Helsinki,None
Luzhou,0,12614.0609948923,Asia/Shanghai,None
Geesthacht,29487,52745.7557064131,Europe/Berlin,None
Guiyang,3037159,12614.0609948923,Asia/Shanghai,None
Viedma,48940,13730.5147090247,America/Argentina/Salta,None
Andong,167942,33121.3712885508,Asia/Seoul,None
Kanglung,0,None,Asia/Thimphu,None
Radford,17403,81695.1870713305,America/New_York,None
Vladivostok,604901,13817.0458984375,Asia/Vladivostok,None
Pusa,132932,2484.8454294403,Asia/Kolkata,None
Baracaldo,0,None,Europe/Madrid,None
Asuncion,1482200,6260.45519099666,America/Asuncion,None
Pasto,392930,6979.72513470377,America/Bogota,None
Ulsan,962865,33121.3712885508,Asia/Seoul,None
Weno,13856,3992.22384225509,Pacific/Chuuk,None
Hillsboro,2230000,81695.1870713305,America/Los_Angeles,None
Shibin El Kom,267945,3512.58006529798,Africa/Cairo,None
Hasselt,77651,53475.2934952935,Europe/Brussels,None
Damghan,67694,4502.5463291805,Asia/Tehran,None
Erie,99475,81695.1870713305,America/New_York,None
Shreveport,197204,81695.1870713305,America/Chicago,None
Irving,236607,81695.1870713305,America/Chicago,None
Quebec,531902,53371.6974319701,America/Toronto,None
Puerto Montt,245902,17093.2419713921,America/Santiago,None
Lviv,717273,5181.36279296875,Europe/Kyiv,None
and Las Vegas,0,81695.1870713305,America/Los_Angeles,None
Tuyong,13260,7171.80809318978,Asia/Bangkok,None
Bang len,17914,7171.80809318978,Asia/Bangkok,None
West Chester,19842,81695.1870713305,America/New_York,None
Tan Hiep Ward,None,None,Asia/Ho_Chi_Minh,None
Kiryat Bialik,43955,52261.6761509633,Asia/Jerusalem,None
Flushing,8086,81695.1870713305,America/New_York,None
Madera,0,13926.1136190914,America/Los_Angeles,None
Samborondon,0,6533.35150400616,America/Guayaquil,None
Nankoku,48688,33834.3921056453,Asia/Tokyo,None
Ternate,204920,4940.54980501156,Asia/Jayapura,None
Surrey,1180000,48866.6039600298,Europe/London,None
Pennington,100948,81695.1870713305,America/Chicago,None
Commack,36124,81695.1870713305,America/New_York,None
Mittelhausen,0,52745.7557064131,Europe/Zurich,None
"Bangrak, Bangkok",None,None,Asia/Bangkok,None
Selinsgrove,40000,81695.1870713305,America/New_York,None
Nashik,1289497,2484.8454294403,Asia/Kolkata,None
Buldana,286992,2484.8454294403,Asia/Kolkata,None
Itapetining,None,None,America/Cuiaba,None
Naawan,3643,3725.55120488081,Asia/Manila,None
Mountain Brook,20691,81695.1870713305,America/Chicago,None
Vernier,30086,99994.9380204786,Europe/Zurich,None
Benghazi,757490,7329.97654106843,Africa/Tripoli,None
Osogbo,645000,1621.12351497744,Africa/Lagos,None
Al-Majmaah,0,28894.963351808,Asia/Riyadh,None
Kelowna,142146,53371.6974319701,America/Vancouver,None
Lethbridge,70617,53371.6974319701,America/Edmonton,None
Guatemala,994938,5797.52159594526,America/Guatemala,None
Nam Dinh,193499,4346.76849237821,Asia/Bangkok,None
Macau,649335,66835.0643341913,Asia/Macau,None
Ogbomoso,433030,1621.12351497744,Africa/Lagos,None
Edison,102548,81695.1870713305,America/New_York,None
Juba,450000,None,Africa/Juba,None
Bahia Blanca,299101,13730.5147090247,America/Argentina/Buenos_Aires,None
Osie,2520,22112.861574706,Europe/Warsaw,None
Brimley,0,81695.1870713305,America/Detroit,None
Lunz am See,1806,56505.9682796867,Europe/Vienna,None
Monterotondo,37225,38373.1660497534,Europe/Rome,None
Paterna,64023,32676.9837109377,Europe/Madrid,None
Kirikkale,277046,12985.7531497962,Europe/Istanbul,None
Braganca,148808,27275.1115544691,Europe/Lisbon,None
Evora,173408,27275.1115544691,Europe/Lisbon,None
Oranmore,4990,103684.880801837,Europe/Dublin,None
Coleraine,1999,81695.1870713305,Europe/London,None
Manno,0,99994.9380204786,Europe/Zurich,None
Cankiri,90564,12985.7531497962,Europe/Istanbul,None
Vic,39844,32676.9837109377,Europe/Madrid,None
San Michele all'Adige,2808,38373.1660497534,Europe/Rome,None
A Coruna,246056,32676.9837109377,Europe/Madrid,None
Sault Ste Marie,40000,81695.1870713305,America/Detroit,None
Bujumbura,769317,199.580760181492,Africa/Bujumbura,None
Hillerod,35357,67967.3818685562,Europe/Copenhagen,None
Ma'an,2318895,38373.1660497534,Asia/Amman,None
Palu,373218,4940.54980501156,Asia/Makassar,None
Gonabad,43465,4502.5463291805,Asia/Tehran,None
Welwyn Garden City,59910,48866.6039600298,Europe/London,None
Palghar,550166,2484.8454294403,Asia/Kolkata,None
Shirpur,422137,2484.8454294403,Asia/Kolkata,None
Changa,0,1211.05859375,Asia/Kolkata,None
Nunar,0,1407.02135059495,Asia/Kolkata,None
Mexicali,1032686,13926.1136190914,America/Tijuana,None
Adama,456900,1293.7780075976,Africa/Addis_Ababa,None
Fayetteville,201963,81695.1870713305,America/Chicago,None
Eugene,163460,81695.1870713305,America/Los_Angeles,None
Rajkot,1390640,2484.8454294403,Asia/Kolkata,None
Bardoli,57810,2484.8454294403,Asia/Kolkata,None
Andria,99784,38373.1660497534,Europe/Rome,None
Amadora,178858,27275.1115544691,Europe/Lisbon,None
Misrata,355657,7329.97654106843,Africa/Tripoli,None
Haarlem,147590,62536.7320298151,Europe/Amsterdam,None
Greenville,0,103684.880801837,America/New_York,None
Mollet del Valles,52484,32676.9837109377,Europe/Madrid,None
Penafiel,8065,27275.1115544691,Europe/Lisbon,None
VIBO VALENTIA,19263,38373.1660497534,Europe/Rome,None
Lugano,63000,99994.9380204786,Europe/Zurich,None
A CoruÃ±a,None,None,Europe/Madrid,None
Vladimir,357024,13817.0458984375,Europe/Moscow,None
Cesena,97137,38373.1660497534,Europe/Rome,None
Piacenza,103607,38373.1660497534,Europe/Rome,None
Giannitsa,27817,22990.0135680461,Europe/Athens,None
Cuneo,0,38373.1660497534,Europe/Rome,None
BraganÃ§a,None,None,Europe/Lisbon,None
Kavala,54027,22990.0135680461,Europe/Athens,None
Chieti,44444,38373.1660497534,Europe/Rome,None
Zinder,2916929,618.28722904313,Africa/Niamey,None
Erba,16431,38373.1660497534,Europe/Rome,None
Kurashiki,483576,33834.3921056453,Asia/Tokyo,None
Parakou,255478,1434.66283439144,Africa/Porto-Novo,None
Orbetello,5779,38373.1660497534,Europe/Rome,None
Novi Pazar,85996,11360.9595106966,Europe/Belgrade,None
Malau,0,4940.54980501156,Pacific/Fiji,None
Gomel,526872,7829.05313660622,Europe/Minsk,None
Rovigo,50279,38373.1660497534,Europe/Rome,None
Monza,124398,38373.1660497534,Europe/Rome,None
Foggia,137032,38373.1660497534,Europe/Rome,None
Hoofddorp,132734,62536.7320298151,Europe/Amsterdam,None
Francavilla Fontana,33415,38373.1660497534,Europe/Rome,None
Parker,49550,81695.1870713305,America/Chicago,None
Stara Zagora,143431,15797.5955773596,Europe/Sofia,None
Chernivtsi,265471,5181.36279296875,Europe/Kyiv,None
Aden,863000,None,Asia/Aden,None
Kalamazoo,76041,81695.1870713305,America/Detroit,None
Leganes,186066,32676.9837109377,Europe/Madrid,None
Harper,1397,81695.1870713305,Africa/Monrovia,None
Benevento,58418,38373.1660497534,Europe/Rome,None
Cona,373,38373.1660497534,Europe/Rome,None
Clamart,51400,44460.8178457009,Europe/Paris,None
Borgomanero,20430,38373.1660497534,Europe/Rome,None
Aviano,0,38373.1660497534,Europe/Rome,None
Poissy,36431,44460.8178457009,Europe/Paris,None
"Milan, Magenta",None,None,Europe/Rome,None
Barreiro,51280,27275.1115544691,Europe/Lisbon,None
Biella,43030,38373.1660497534,Europe/Rome,None
Fuenlabrada,197836,32676.9837109377,Europe/Madrid,None
Syracusa,None,None,Europe/Rome,None
Busto Arsizio,83405,38373.1660497534,Europe/Rome,None
Corigliano-Rossano,77128,38373.1660497534,Europe/Rome,None
Kaliningrad,475056,13817.0458984375,Europe/Kaliningrad,None
Verdellino,7563,38373.1660497534,Europe/Rome,None
Terni,111189,38373.1660497534,Europe/Rome,None
Molfetta,59557,38373.1660497534,Europe/Rome,None
SÃ£o JosÃ© dos Campos,None,None,America/Cuiaba,None
Wetzlar,52656,52745.7557064131,Europe/Berlin,None
Ciudad de MÃ©xico,None,None,America/Mexico_City,None
Peschiera del Garda,7733,38373.1660497534,Europe/Rome,None
Vittorio Veneto,24789,38373.1660497534,Europe/Rome,None
Mozyr,0,13817.0458984375,Europe/Minsk,None
Enna,22998,38373.1660497534,Europe/Rome,None
Urduliz,3190,32676.9837109377,Europe/Madrid,None
Ponta Grossa,292177,10043.6239221567,America/Sao_Paulo,None
Civita Castellana,11745,38373.1660497534,Europe/Rome,None
Krakaw,0,2238.15802077213,Europe/Warsaw,None
"Aviano, Rome",None,None,Europe/Rome,None
Cuenca,636996,6533.35150400616,America/Guayaquil,None
Gimhae,550758,33121.3712885508,Asia/Seoul,None
Kocaeli,2079072,12985.7531497962,Europe/Istanbul,None
La Victoria,203684,None,America/Lima,None
Tripoli,229398,None,Africa/Tripoli,None
Bintulu,151617,11648.6741574144,Asia/Kuching,None
Melzo,18031,38373.1660497534,Europe/Rome,None
Cosenza,63852,38373.1660497534,Europe/Rome,None
VITTORIO VENETO,24789,38373.1660497534,Europe/Rome,None
Ciudad AutÃ3noma de Buenos Aires,None,None,America/Argentina/Cordoba,None
Manresa,76250,32676.9837109377,Europe/Madrid,None
Mestre,147662,38373.1660497534,Europe/Rome,None
Vila Nova de Gaia,70811,27275.1115544691,Europe/Lisbon,None
Riccione,32744,38373.1660497534,Europe/Rome,None
Piraeus,163688,22990.0135680461,Europe/Athens,None
Forli,116696,38373.1660497534,Europe/Rome,None
Sant Joan DespÃ,None,None,Europe/Madrid,None
Pawi,0,1407.02135059495,Africa/Addis_Ababa,None
Catanduva,109612,10043.6239221567,America/Sao_Paulo,None
Bolzano,107436,38373.1660497534,Europe/Rome,None
Macerata,30842,38373.1660497534,Europe/Rome,None
Guayaquil,2723665,6533.35150400616,America/Guayaquil,None
San Benedetto del Tronto,45873,38373.1660497534,Europe/Rome,None
Putyla,3434,5181.36279296875,Europe/Kyiv,None
Hadera,97335,52261.6761509633,Asia/Jerusalem,None
Bho Ploi,None,None,Asia/Bangkok,None
Inashiki District,None,None,Asia/Tokyo,None
San Juan City,418140,36779.0594913858,Asia/Manila,None
Mathura,330511,2484.8454294403,Asia/Kolkata,None
Unwana,0,1621.12351497744,Africa/Lagos,None
Nainital,128485,2484.8454294403,Asia/Kolkata,None
Long Beach,12872808,81695.1870713305,America/Los_Angeles,None
Shimla,173503,2484.8454294403,Asia/Kolkata,None
Balrampur,2148665,2484.8454294403,Asia/Kolkata,None
Iwatsuki,108833,33834.3921056453,Asia/Tokyo,None
Kakegawa,117925,33834.3921056453,Asia/Tokyo,None
Izumo,172039,33834.3921056453,Asia/Tokyo,None
Narita,100641,33834.3921056453,Asia/Tokyo,None
Bellinzona,16572,99994.9380204786,Europe/Zurich,None
Angamaly,34399,2484.8454294403,Asia/Kolkata,None
Haugesund,40321,87961.7806135072,Europe/Oslo,None
Kawagoe,337931,33834.3921056453,Asia/Tokyo,None
Suzaka,54022,33834.3921056453,Asia/Tokyo,None
Hidaka,55294,33834.3921056453,Asia/Tokyo,None
Toledo,84282,32676.9837109377,Europe/Madrid,None
Okayama,720841,33834.3921056453,Asia/Tokyo,None
Dhulikhel,0,1324.03198433372,Asia/Kathmandu,None
Global City,0,1407.02135059495,Asia/Manila,None
Sialkot,477396,1407.02135059495,Asia/Karachi,None
Skovde,36842,56305.250200767,Europe/Stockholm,None
Karlskrona,66675,56305.250200767,Europe/Stockholm,None
Hanover,3289,81695.1870713305,America/New_York,None
Campobasso,49230,38373.1660497534,Europe/Rome,None
Solihull,126577,48866.6039600298,Europe/London,None
Alton,15760,81695.1870713305,Europe/London,None
Greenfield,17184,81695.1870713305,America/New_York,None
Esfarāyen,59678,4502.5463291805,Asia/Tehran,None
Yantai,0,12614.0609948923,Asia/Shanghai,None
"Klong Gleua, Pakkred Nonthaburi",None,None,Asia/Bangkok,None
Neijiang,1251095,12614.0609948923,Asia/Shanghai,None
La-Réunion,776948,None,Indian/Reunion,None
Itajuba,81870,10043.6239221567,America/Sao_Paulo,None
Mohanpur,200149,2484.8454294403,Asia/Kolkata,None
Ivry-sur-Seine,57897,44460.8178457009,Europe/Paris,None
Rouen,234475,44460.8178457009,Europe/Paris,None
Ajman,490035,52976.8083782405,Asia/Dubai,None
Akure,730000,1621.12351497744,Africa/Lagos,None
Udaipur,30264,2484.8454294403,Asia/Kolkata,None
Tai'an,1735425,12614.0609948923,Asia/Shanghai,None
Limoges,0,44460.8178457009,Europe/Paris,None
Killybegs,1236,103684.880801837,Europe/Dublin,None
Fontainebleau,19717,44460.8178457009,Europe/Paris,None
Camden,5838471,81695.1870713305,America/New_York,None
Cherry Hill,70475,81695.1870713305,America/New_York,None
Rathmalana,0,3827.96480560557,Asia/Colombo,None
Kota,568900,11648.6741574144,Asia/Kuala_Lumpur,None
West Jakarta,None,None,Asia/Jakarta,None
My Tho,122310,4346.76849237821,Asia/Ho_Chi_Minh,None
Zwolle,111805,62536.7320298151,Europe/Amsterdam,None
Ogaki,161539,33834.3921056453,Asia/Tokyo,None
Toyohashi,377453,33834.3921056453,Asia/Tokyo,None
Norrkoping,93765,56305.250200767,Europe/Stockholm,None
El Paso,681124,81695.1870713305,America/Denver,None
Schenectady,65305,81695.1870713305,America/New_York,None
Kincumber,707,64711.7656030565,Australia/Sydney,None
Dijon,158002,44460.8178457009,Europe/Paris,None
Frankston,133560,64711.7656030565,Australia/Melbourne,None
Yvoir,8169,53475.2934952935,Europe/Brussels,None
Thionville,44311,44460.8178457009,Europe/Paris,None
Naypyidaw,925000,1187.56706423461,Asia/Yangon,None
Torrejon de Ardoz,118162,32676.9837109377,Europe/Madrid,None
Brugge,118509,53475.2934952935,Europe/Brussels,None
Moelbis,0,52745.7557064131,Europe/Berlin,None
Front Royal,15070,81695.1870713305,America/New_York,None
Cao Lanh,63770,4346.76849237821,Asia/Ho_Chi_Minh,None
Round Lake,0,53371.6974319701,America/Chicago,None
Kodaira,195207,33834.3921056453,Asia/Tokyo,None
Enugu,950000,1621.12351497744,Africa/Lagos,None
Durango,518709,13926.1136190914,America/Monterrey,None
Daytona Beach,72647,81695.1870713305,America/New_York,None
Kolaka,315232,4940.54980501156,Asia/Makassar,None
Banjarmasin,657663,4940.54980501156,Asia/Makassar,None
Batu Pahat,156236,11648.6741574144,Asia/Kuala_Lumpur,None
Vicosa,16000,1648.64729020342,America/Sao_Paulo,None
Saint-Jean-d'Illac,6826,44460.8178457009,Europe/Paris,None
Chum Phae,46335,7171.80809318978,Asia/Bangkok,None
Holywood,13109,48866.6039600298,Europe/London,None
Hata,475445,2484.8454294403,Asia/Tokyo,None
"Kishiwada City, Osaka Prefecture",None,None,Asia/Tokyo,None
Iskenderun,159965,12985.7531497962,Europe/Istanbul,None
Penrith,13343,64711.7656030565,Australia/Sydney,None
Juriquilla,13309,13926.1136190914,America/Mexico_City,None
La Chaux-de-Fonds,36825,99994.9380204786,Europe/Zurich,None
Mt Vernon,15087,81695.1870713305,America/New_York,None
Postojna,9183,32163.5114152484,Europe/Ljubljana,None
Mont-Saint-Aignan,23078,44460.8178457009,Europe/Paris,None
Mittelburgenland,37524,56505.9682796867,Europe/Vienna,None
Bonab,80359,4502.5463291805,Asia/Tehran,None
Stip,48279,8146.46797547749,Europe/Skopje,None
Aranyaprathet,16964,7171.80809318978,Asia/Bangkok,None
Maiduguri,1110000,1621.12351497744,Africa/Lagos,None
Dharwad,0,2484.8454294403,Asia/Kolkata,None
Bijapur,2177331,2484.8454294403,Asia/Kolkata,None
Carlow,0,53371.6974319701,Europe/Dublin,None
Campos dos Goitacazes,511168,10043.6239221567,America/Sao_Paulo,None
Feira de Santana,619609,10043.6239221567,America/Bahia,None
Diamantina,292,64711.7656030565,America/Sao_Paulo,None
Milledgeville,18931,81695.1870713305,America/New_York,None
Salta,520683,13730.5147090247,America/Argentina/Salta,None
Arusha,617631,1211.05859375,Africa/Dar_es_Salaam,None
Kamogawa,29119,33834.3921056453,Asia/Tokyo,None
Ladkrabang,299775,7171.80809318978,Asia/Bangkok,None
Shuwaikh,0,37533.2177177327,Asia/Kuwait,None
Champaign,86096,81695.1870713305,America/Chicago,None
Moroyama,39693,33834.3921056453,Asia/Tokyo,None
Minden-Pulau Pinang,None,None,Asia/Kuala_Lumpur,None
I-Roma,0,38373.1660497534,Europe/Rome,None
Bac Lieu City,None,None,Asia/Ho_Chi_Minh,None
Pathumtani,None,None,Asia/Bangkok,None
Savannah,147780,81695.1870713305,America/New_York,None
Krasnoyarsk,1090811,13817.0458984375,Asia/Krasnoyarsk,None
Fitzroy,0,53371.6974319701,Australia/Melbourne,None
Linhai,0,12614.0609948923,Asia/Shanghai,None
Merida,1201000,13926.1136190914,America/Merida,None
Detmold,73680,52745.7557064131,Europe/Berlin,None
Kehl,34009,52745.7557064131,Europe/Berlin,None
Villaviciosa de Odon,26475,32676.9837109377,Europe/Madrid,None
Changzhou,3290918,12614.0609948923,Asia/Shanghai,None
Lebanon,13579,81695.1870713305,America/New_York,None
Port Charlotte,54392,81695.1870713305,America/New_York,None
Garching bei Munchen,15303,52745.7557064131,Europe/Berlin,None
Tafresh,24913,4502.5463291805,Asia/Tehran,None
Commerce,13081,81695.1870713305,Asia/Karachi,None
Jenin,34730,3367.60699023864,Asia/Hebron,None
Warren,134056,81695.1870713305,America/New_York,None
Bhuvaneswar,None,None,Asia/Kolkata,None
Boxmeer,12407,62536.7320298151,Europe/Amsterdam,None
Iksan,307000,33121.3712885508,Asia/Seoul,None
Westerville,38384,81695.1870713305,America/New_York,None
Chungnam,0,33121.3712885508,Asia/Seoul,None
North Chicago,29491,81695.1870713305,America/Chicago,None
Bursa,3101833,12985.7531497962,Europe/Istanbul,None
Malatya,806156,12985.7531497962,Europe/Istanbul,None
Orebro,155989,56305.250200767,Europe/Stockholm,None
Diyarbakir,1791373,12985.7531497962,Europe/Istanbul,None
Jackson,170674,81695.1870713305,America/Chicago,None
Samut Songkhram,35065,7171.80809318978,Asia/Bangkok,None
Framingham,68318,81695.1870713305,America/New_York,None
"Pakchong, Nakhonratchasima",None,None,Asia/Bangkok,None
Westwood,0,103684.880801837,America/Los_Angeles,None
Alpharetta,5290000,81695.1870713305,America/New_York,None
Neuville-sur-Oise,1489,44460.8178457009,Europe/Paris,None
Binh -Dnh,1508300,4346.76849237821,Asia/Ho_Chi_Minh,None
Redmond,60598,81695.1870713305,America/Los_Angeles,None
Chatenay-Malabry,32715,44460.8178457009,Europe/Paris,None
Palembang,1668848,4940.54980501156,Asia/Jakarta,None
Miyagi,2301996,33834.3921056453,Asia/Tokyo,None
Immokalee,24154,81695.1870713305,America/New_York,None
Summit,95094,81695.1870713305,America/New_York,None
Prasat,843931,1875.07148192948,Asia/Bangkok,None
Patum Thani,1163604,7171.80809318978,Asia/Bangkok,None
Charlotte (Skidegate),None,None,America/Chicago,None
Greenwood,1723,6874.20028399387,America/Chicago,None
Torbat-e Heydarieh,0,4502.5463291805,Asia/Tehran,None
High Wycombe,133204,48866.6039600298,Europe/London,None
Breda,167673,62536.7320298151,Europe/Amsterdam,None
Dong Nai Provine,None,None,Asia/Ho_Chi_Minh,None
Blanes,40047,32676.9837109377,Europe/Madrid,None
Tegucigalpa,850848,3247.23105462683,America/Tegucigalpa,None
Hradec Kralove,90596,30427.4234688601,Europe/Prague,None
Trzebnica,85092,22112.861574706,Europe/Warsaw,None
Hartford,1210000,81695.1870713305,America/New_York,None
Tokorozawa,344194,33834.3921056453,Asia/Tokyo,None
Czestochowa,248125,22112.861574706,Europe/Warsaw,None
Deerfield,79768,81695.1870713305,America/Chicago,None
Kanpur,2823249,2484.8454294403,Asia/Kolkata,None
Ubon Ratchathani Province,1878146,7171.80809318978,Asia/Bangkok,None
Rueil-Malmaison,76616,44460.8178457009,Europe/Paris,None
Waalre,6445,62536.7320298151,Europe/Amsterdam,None
"Wang Thonglang, Bangkok",None,None,Asia/Bangkok,None
"Bangkorlhaem, Bangkok",None,None,Asia/Bangkok,None
Gangneung,180611,33121.3712885508,Asia/Seoul,None
Orangeburg,13460,81695.1870713305,America/New_York,None
Rockledge,24926,81695.1870713305,America/New_York,None
St Peters,52575,81695.1870713305,America/Chicago,None
St Louis,315685,81695.1870713305,America/Chicago,None
Bethlehem,74892,81695.1870713305,America/New_York,None
Mahendergarh,922088,2484.8454294403,Asia/Kolkata,None
Damietta,305920,3512.58006529798,Africa/Cairo,None
Caparica,20454,27275.1115544691,Europe/Lisbon,None
Merseburg,34780,52745.7557064131,Europe/Berlin,None
Pitesti,167669,18419.4187120644,Europe/Bucharest,None
Wangdue Phodrang,8954,None,Asia/Thimphu,None
Situbondo Regency,647619,4940.54980501156,Asia/Makassar,None
Rutgers,0,81695.1870713305,America/New_York,None
Hadiya,1231196,1293.7780075976,Asia/Kuwait,None
Chiayi,263188,None,Asia/Taipei,None
Ya'an,3812366000,None,Asia/Shanghai,None
Ciudad Victoria,332100,13926.1136190914,America/Monterrey,None
Charlottetown,38809,53371.6974319701,America/Halifax,None
Caldes de Montbui,16885,32676.9837109377,Europe/Madrid,None
Kaarina,21684,53755.9117362796,Europe/Helsinki,None
Mito,246538,33834.3921056453,Asia/Tokyo,None
Mol,32659,53475.2934952935,Europe/Brussels,None
Temple City,36365,81695.1870713305,America/Los_Angeles,None
Covilha,17610,27275.1115544691,Europe/Lisbon,None
Rourkela,536450,2484.8454294403,Asia/Kolkata,None
Sonora,2944840,13926.1136190914,America/Hermosillo,None
Centurion,236580,6253.16161272014,Africa/Johannesburg,None
Marlborough,39818,81695.1870713305,America/New_York,None
Cadiz,126766,32676.9837109377,Europe/Madrid,None
Nakhon Sawan,82305,7171.80809318978,Asia/Bangkok,None
A’ali,0,None,Asia/Bahrain,None
Sintok,12942,11648.6741574144,Asia/Kuala_Lumpur,None
Selangor Darul Ehsan,6994423,11648.6741574144,Asia/Kuala_Lumpur,None
Boumerdes,0,5260.20624980797,Africa/Algiers,None
Malabar,0,2484.8454294403,Australia/Sydney,None
Herne,172108,52745.7557064131,Europe/Berlin,None
Sterling,132052,81695.1870713305,America/Chicago,None
Gandra,1065,27275.1115544691,Europe/Lisbon,None
Nakornpathom,None,None,Asia/Bangkok,None
Sunto District,None,None,Asia/Tokyo,None
Utsunomiya,449865,33834.3921056453,Asia/Tokyo,None
Highland Heights,7183,81695.1870713305,America/New_York,None
Nong Khai,63609,7171.80809318978,Asia/Bangkok,None
Sayo,0,33834.3921056453,Asia/Tokyo,None
Decatur,73254,81695.1870713305,America/Chicago,None
Estoril,23700,27275.1115544691,Europe/Lisbon,None
Hermagor,18329,56505.9682796867,Europe/Vienna,None
Gorontalo,198539,4940.54980501156,Asia/Makassar,None
Konkaen,None,None,Asia/Bangkok,None
Leidschendam,0,62536.7320298151,Europe/Amsterdam,None
Sa,564092,7171.80809318978,Asia/Bangkok,None
Rock Hill,71548,81695.1870713305,America/New_York,None
Mytilene,28322,22990.0135680461,Europe/Athens,None
Orsay,17817,44460.8178457009,Europe/Paris,None
Richardson,110815,81695.1870713305,America/Chicago,None
Gaziantep,1808948,12985.7531497962,Europe/Istanbul,None
Povo,4689,38373.1660497534,Europe/Rome,None
Sao Joao del Rei,78592,10043.6239221567,America/Sao_Paulo,None
Lecce,80695,38373.1660497534,Europe/Rome,None
Matsumoto,239466,33834.3921056453,Asia/Tokyo,None
Fresno,520052,81695.1870713305,America/Los_Angeles,None
Ruston,0,53371.6974319701,America/Chicago,None
Waltham,63378,81695.1870713305,America/New_York,None
Rende,1404,38373.1660497534,Europe/Rome,None
Rehovot,149392,52261.6761509633,Asia/Jerusalem,None
Giresun,125682,12985.7531497962,Europe/Istanbul,None
Tarragona,132299,32676.9837109377,Europe/Madrid,None
Cankaya,792189,12985.7531497962,Europe/Istanbul,None
Addlestone,14978,48866.6039600298,Europe/London,None
Ichihara,283531,33834.3921056453,Asia/Tokyo,None
Johnson,3634,81695.1870713305,America/Chicago,None
Himeji,525682,33834.3921056453,Asia/Tokyo,None
"Koh Tao, Suratthani",None,None,Asia/Bangkok,None
Limours,6414,44460.8178457009,Europe/Paris,None
Principality of Monaco,38682,None,Europe/Monaco,None
McLean,0,53371.6974319701,America/Chicago,None
Pleasanton,79510,81695.1870713305,America/Los_Angeles,None
"Kaizu, Gifu",None,None,Asia/Tokyo,None
Binghamton,46032,81695.1870713305,America/New_York,None
Milpitas,77604,81695.1870713305,America/Los_Angeles,None
Haverford,0,81695.1870713305,America/New_York,None
Bryn Mawr,15645,81695.1870713305,America/New_York,None
Mojokerto,141785,4940.54980501156,Asia/Jakarta,None
Barendrecht,48643,62536.7320298151,Europe/Amsterdam,None
Anaheim,12830000,81695.1870713305,America/Los_Angeles,None
Petten,0,62536.7320298151,Europe/Amsterdam,None
Castanet-Tolosan,11561,44460.8178457009,Europe/Paris,None
Wako,77435,33834.3921056453,Asia/Tokyo,None
Kamuela,9212,81695.1870713305,Pacific/Honolulu,None
Zhuhai,2207090,12614.0609948923,Asia/Shanghai,None
Dalseo-gu,568481,33121.3712885508,Asia/Seoul,None
Guri,195236,33121.3712885508,Asia/Seoul,None
Fort Belvoir,7100,81695.1870713305,America/New_York,None
Pensacola,53193,81695.1870713305,America/Chicago,None
Beltsville,16772,81695.1870713305,America/New_York,None
Saratov,844858,13817.0458984375,Europe/Saratov,None
Stord,18759,87961.7806135072,Europe/Oslo,None
Nizwa,0,23295.3299592198,Asia/Muscat,None
Rajadevi,None,None,Asia/Bangkok,None
Ohkawa,None,None,Asia/Tokyo,None
Sohag,266944,3512.58006529798,Africa/Cairo,None
Damanhour,318207,3512.58006529798,Africa/Cairo,None
Kamphaeng Phet,58787,7171.80809318978,Asia/Bangkok,None
Kuroishi,38615,33834.3921056453,Asia/Tokyo,None
Corner Brook,0,53371.6974319701,America/St_Johns,None
South Hadley,17652,81695.1870713305,America/New_York,None
Palisades,0,81695.1870713305,America/New_York,None
Brunswick,6116,81695.1870713305,America/New_York,None
Badulla,47587,3827.96480560557,Asia/Colombo,None
Holland,33742,81695.1870713305,America/Detroit,None
Ongole,172872,2484.8454294403,Asia/Kolkata,None
Chitral,447362,1407.02135059495,Asia/Karachi,None
Nan,24670,7171.80809318978,Asia/Bangkok,None
Kadapa,127010,2484.8454294403,Asia/Kolkata,None
50 Grand Junction,None,None,America/New_York,None
Iwate District,None,None,Asia/Tokyo,None
Kalisizo,0,1014.21397773156,Africa/Kampala,None
Culver City,39717,81695.1870713305,America/Los_Angeles,None
Kepala Batas,12397,11648.6741574144,Asia/Kuala_Lumpur,None
Jupiter,62707,81695.1870713305,America/New_York,None
Taguig,644473,3725.55120488081,Asia/Manila,None
Arlesheim,157896,99994.9380204786,Europe/Zurich,None
Krishnagiri,1879809,2484.8454294403,Asia/Kolkata,None
Pathumwan,0,7171.80809318978,Asia/Bangkok,None
Nonthaburee,None,None,Asia/Bangkok,None
Nha Trang,283441,4346.76849237821,Asia/Ho_Chi_Minh,None
My Tho City,None,None,Asia/Ho_Chi_Minh,None
Rockhampton,78592,64711.7656030565,Australia/Brisbane,None
Banjul,37274,843.765742570282,Africa/Banjul,None
Torres Vedras,79465,27275.1115544691,Europe/Lisbon,None
Taiping,217647,11648.6741574144,Asia/Kuala_Lumpur,None
Iquitos,377609,7789.87097514036,America/Lima,None
Villavicencio,321717,6979.72513470377,America/Bogota,None
Dgo,0,13817.0458984375,America/Monterrey,None
Hinthada,134947,1187.56706423461,Asia/Yangon,None
Karnataka,61095297,2484.8454294403,Asia/Kolkata,None
Bangka Belitung,1473165,4940.54980501156,Asia/Jakarta,None
Taungoo,106945,1187.56706423461,Asia/Yangon,None
Corpus Christi,326586,81695.1870713305,America/Chicago,None
Santa Monica,93220,81695.1870713305,America/Los_Angeles,None
Tarsus,346715,12985.7531497962,Europe/Istanbul,None
Ananindeua,433956,10043.6239221567,America/Belem,None
Heverlee,23278,53475.2934952935,Europe/Brussels,None
Sa Pa,282448,17093.2419713921,Asia/Bangkok,None
Huizen,41273,62536.7320298151,Europe/Amsterdam,None
Tuy Hoa,69596,4346.76849237821,Asia/Ho_Chi_Minh,None
Inzai,105463,33834.3921056453,Asia/Tokyo,None
Vellakulam,0,2484.8454294403,Asia/Kolkata,None
Bhaktapur,0,1324.03198433372,Asia/Kathmandu,None
Morehead,0,53371.6974319701,America/New_York,None
Barceona,None,None,Europe/Madrid,None
Bata Caves,None,None,Asia/Kuala_Lumpur,None
Ludwigshafen,163196,52745.7557064131,Europe/Berlin,None
Orono,9474,81695.1870713305,America/New_York,None
Nakorn-Ratchasima,126391,7171.80809318978,Asia/Bangkok,None
Kazan,1243500,13817.0458984375,Europe/Moscow,None
Sathyamangalam,256655,2484.8454294403,Asia/Kolkata,None
Babol,202796,4502.5463291805,Asia/Tehran,None
Gold Coast,640778,64711.7656030565,Australia/Brisbane,None
Palangka Raya,293500,4940.54980501156,Asia/Pontianak,None
Komotini,45631,22990.0135680461,Europe/Athens,None
"Ratchathewi, Bangok",None,None,Asia/Bangkok,None
Dessau-Rosslau,67747,52745.7557064131,Europe/Berlin,None
Williamstown,2965,81695.1870713305,America/New_York,None
Pilani,28149,2484.8454294403,Asia/Kolkata,None
"Yezin, Nay Pyi Taw",None,None,Asia/Yangon,None
Şlrnak,None,None,Europe/Istanbul,None
List,0,15797.5955773596,Europe/Berlin,None
Liberec,102951,30427.4234688601,Europe/Prague,None
Sudbury,17343,81695.1870713305,America/Toronto,None
Erode,2251744,2484.8454294403,Asia/Kolkata,None
Gloucester Point,11329,81695.1870713305,America/New_York,None
Gombe,560000,1621.12351497744,Africa/Lagos,None
Monsenhor Tabosa,17249,10043.6239221567,America/Fortaleza,None
Itarema,42215,10043.6239221567,America/Fortaleza,None
Urayasu,170091,33834.3921056453,Asia/Tokyo,None
Foz do Iguacu,258248,10043.6239221567,America/Sao_Paulo,None
Duluth,86110,81695.1870713305,America/Chicago,None
Nakorn Nayok,None,None,Asia/Bangkok,None
West Sacramento,52721,81695.1870713305,America/Los_Angeles,None
California,22000000,81695.1870713305,America/Los_Angeles,None
Westbrook,254,81695.1870713305,America/New_York,None
Ampang Jaya,126285,11648.6741574144,Asia/Kuala_Lumpur,None
Alor Setar,417800,11648.6741574144,Asia/Kuala_Lumpur,None
San'yo-Onoda,64959,33834.3921056453,Asia/Tokyo,None
No,0,2728.80324620071,Asia/Ho_Chi_Minh,None
Onsala,12275,56305.250200767,Europe/Stockholm,None
Saitama,1324854,33834.3921056453,Asia/Tokyo,None
Ho Chi Minh Chi City,8993082,4346.76849237821,Asia/Ho_Chi_Minh,None
Lower Hutt,114000,48527.828920018,Pacific/Auckland,None
Farmington,10523,81695.1870713305,America/Chicago,None
Nay Phi Tau,None,None,Asia/Yangon,None
Hjorring,25644,67967.3818685562,Europe/Copenhagen,None
Redlands,71035,81695.1870713305,America/Los_Angeles,None
Mendoza,2014533,13730.5147090247,America/Argentina/Mendoza,None
Vina del Mar,294551,17093.2419713921,America/Santiago,None
Mostar,104518,8426.09111019155,Europe/Sarajevo,None
Duzce,351509,12985.7531497962,Europe/Istanbul,None
Sao Cristovao,78876,10043.6239221567,America/Maceio,None
North Ryde,0,64711.7656030565,Australia/Sydney,None
Bastia,41001,44460.8178457009,Europe/Paris,None
Williamsburg,15052,81695.1870713305,America/New_York,None
Shaoyang,0,12614.0609948923,Asia/Shanghai,None
Libourne,24240,44460.8178457009,Europe/Paris,None
Khao Khitchakut,25893,7171.80809318978,Asia/Bangkok,None
Bor Rai,None,None,Asia/Bangkok,None
Lamsing,None,None,Asia/Bangkok,None
Ilorin,1080000,1621.12351497744,Africa/Lagos,None
Corciano,806,38373.1660497534,Europe/Rome,None
Gubbio,14378,38373.1660497534,Europe/Rome,None
Virudhunagar,1942288,2484.8454294403,Asia/Kolkata,None
Liergues,1496,44460.8178457009,Europe/Paris,None
Birmensdorf,4772,99994.9380204786,Europe/Zurich,None
Florencia,168346,6979.72513470377,America/Bogota,None
Muncheberg,7214,52745.7557064131,Europe/Berlin,None
Riobamba,264048,6533.35150400616,America/Guayaquil,None
Champenoux,1155,44460.8178457009,Europe/Paris,None
Fairbanks,32325,81695.1870713305,America/Anchorage,None
Flagstaff,70320,81695.1870713305,America/Phoenix,None
Moncada,0,17093.2419713921,Europe/Madrid,None
Saint Christophe,0,1693.06874328693,Europe/Rome,None
Pointe-a-Pitre,15181,None,America/Guadeloupe,None
Trier,100129,52745.7557064131,Europe/Berlin,None
Hitachi,173750,33834.3921056453,Asia/Tokyo,None
Clinton,25254,81695.1870713305,America/New_York,None
Jaen,113457,32676.9837109377,Europe/Madrid,None
Caquetá,401849,6979.72513470377,America/Bogota,None
Turrialba,26680,16595.3703837185,America/Costa_Rica,None
Edgewater,5073,6874.20028399387,America/Denver,None
Eberswalde,41980,52745.7557064131,Europe/Berlin,None
"My Tho city, Tien Giang",None,None,Asia/Ho_Chi_Minh,None
Seki,594,12985.7531497962,Asia/Tokyo,None
Şo srnak,None,None,Europe/Istanbul,None
Somerville,80318,81695.1870713305,America/New_York,None
Frankfurt a.M,None,None,Europe/Berlin,None
Lokoja,60579,1621.12351497744,Africa/Lagos,None
Bela Vista,23175,10043.6239221567,America/Campo_Grande,None
Mihama,0,199.580760181492,Asia/Tokyo,None
Long Xuyen City,370000,4346.76849237821,Asia/Ho_Chi_Minh,None
Beni Suef,273151,3512.58006529798,Africa/Cairo,None
Yonago,148720,33834.3921056453,Asia/Tokyo,None
Novara,101916,38373.1660497534,Europe/Rome,None
Thuwal,26957,28894.963351808,Asia/Riyadh,None
Korolevu,0,5868.1591677839,Pacific/Fiji,None
Nago,59587,33834.3921056453,Asia/Tokyo,None
Kunigami,0,33834.3921056453,Asia/Tokyo,None
Sausalito,7156,81695.1870713305,America/Los_Angeles,None
Sandakan,439050,11648.6741574144,Asia/Kuching,None
Dourados,162202,10043.6239221567,America/Campo_Grande,None
Raipur,205254,2484.8454294403,Asia/Kolkata,None
Qufu,85144,12614.0609948923,Asia/Shanghai,None
Iskandar Puteri,575977,11648.6741574144,Asia/Kuala_Lumpur,None
Rio Grande,1260000,81695.1870713305,America/Sao_Paulo,None
Middletown,46756,81695.1870713305,America/New_York,None
Westminster,116317,81695.1870713305,America/Denver,None
Trollhattan,0,None,Europe/Stockholm,None
Launceston,67035,64711.7656030565,Australia/Hobart,None
Misicevo,0,11360.9595106966,Europe/Belgrade,None
Reinbek,25261,52745.7557064131,Europe/Berlin,None
Iztapalapa,1815786,13926.1136190914,America/Mexico_City,None
Banja Luka,221106,8426.09111019155,Europe/Sarajevo,None
Daugavpils,111564,23184.3116680149,Europe/Riga,None
Jodhpur,921476,2484.8454294403,Asia/Kolkata,None
Mandi,28217,2484.8454294403,Asia/Kolkata,None
Kearney,9423,81695.1870713305,America/Chicago,None
Marbella,134623,32676.9837109377,Europe/Madrid,None
Huaibei,1113321,12614.0609948923,Asia/Shanghai,None
Jhelum,0,1407.02135059495,Asia/Karachi,None
Zahedan,551980,4502.5463291805,Asia/Tehran,None
Greifswald,52731,52745.7557064131,Europe/Berlin,None
Ebina,136312,33834.3921056453,Asia/Tokyo,None
Ward,0,48527.828920018,Asia/Bangkok,None
Popayan,318059,6979.72513470377,America/Bogota,None
Shoufeng,0,12614.0609948923,Asia/Taipei,None
Kingsville,30000,81695.1870713305,America/Chicago,None
Kyaukse Township,236147,1187.56706423461,Asia/Yangon,None
Entebbe,62969,1014.21397773156,Africa/Kampala,None
Caloocan,1500000,3725.55120488081,Asia/Manila,None
Bahawalpur,126617,1407.02135059495,Asia/Karachi,None
Le Chesnay,29154,44460.8178457009,Europe/Paris,None
Satun,34544,7171.80809318978,Asia/Bangkok,None
Marcy-l'Etoile,0,44460.8178457009,Europe/Paris,None
Bangrak,50728,7171.80809318978,Asia/Bangkok,None
Oberkochen,7884,52745.7557064131,Europe/Berlin,None
Fort Portal,42670,1014.21397773156,Africa/Kampala,None
Borne,20550,62536.7320298151,Asia/Thimphu,None
Porrentruy,24276,99994.9380204786,Europe/Zurich,None
St. Catharines,133113,53371.6974319701,America/Toronto,None
Klerksdorp,178921,6253.16161272014,Africa/Johannesburg,None
Hlabisa,0,6253.16161272014,Africa/Johannesburg,None
Navi Mumbai,2600000,2484.8454294403,Asia/Kolkata,None
Monash,182485,64711.7656030565,Australia/Sydney,None
Thana,1261517,2484.8454294403,Asia/Kolkata,None
Namakkal,55997,2484.8454294403,Asia/Kolkata,None
Nasik,1289497,2484.8454294403,Asia/Kolkata,None
Dnipro,968502,5181.36279296875,Europe/Kyiv,None
Saint Charles,65794,81695.1870713305,America/Chicago,None
Griffin,0,53371.6974319701,America/New_York,None
Heves,295792,22147.2097290479,Europe/Budapest,None
Minsk Region,1411000,7829.05313660622,Europe/Minsk,None
Odessa,1015826,5181.36279296875,Europe/Kyiv,None
Omsk,1172070,13817.0458984375,Asia/Omsk,None
Dorset,770000,48866.6039600298,Europe/London,None
Ubonratchathani,None,None,Asia/Bangkok,None
Spartanburg,37867,81695.1870713305,America/New_York,None
Gabes,110075,3895.38663874079,Africa/Tunis,None
Cheyyar,210860,2484.8454294403,Asia/Kolkata,None
L eogâne,None,None,America/Port-au-Prince,None
Batumi,172100,8120.36344318242,Asia/Tbilisi,None
Arkhangelsk,349742,13817.0458984375,Europe/Moscow,None
Edirne,180002,12985.7531497962,Europe/Istanbul,None
Basking Ridge,21424,81695.1870713305,America/New_York,None
Sverdlovsk,4325256,13817.0458984375,Asia/Yekaterinburg,None
Stade,45634,52745.7557064131,Europe/Berlin,None
"Klongtoey, Bangkok",None,None,Asia/Bangkok,None
Reggio Calabria,182455,38373.1660497534,Europe/Rome,None
Minas Gerais,21411923,10043.6239221567,America/Sao_Paulo,None
Ede,67670,62536.7320298151,Africa/Lagos,None
Karabuk,125403,12985.7531497962,Europe/Istanbul,None
Muak Lek,61999,7171.80809318978,Asia/Bangkok,None
Sadat City,71501,3512.58006529798,Africa/Cairo,None
Laval,422993,53371.6974319701,America/Toronto,None
Craova,None,None,Europe/Bucharest,None
Viterbo,47134,38373.1660497534,Europe/Rome,None
Toon,34172,33834.3921056453,Asia/Tokyo,None
Faridabad,1220229,2484.8454294403,Asia/Kolkata,None
Daedok-gu,None,None,Asia/Seoul,None
Old Westbury,4678,81695.1870713305,America/New_York,None
Ariano Irpino,9779,38373.1660497534,Europe/Rome,None
Thousand Oaks,820000,81695.1870713305,America/Los_Angeles,None
Oldenburg,159218,52745.7557064131,Europe/Berlin,None
Kahoku,35080,33834.3921056453,Asia/Tokyo,None
Caen,0,53371.6974319701,Europe/Paris,None
Kaiserslautern,98732,52745.7557064131,Europe/Berlin,None
Wanju-gun,84009,33121.3712885508,Asia/Seoul,None
Pushchino,0,13817.0458984375,Europe/Moscow,None
San Diego CA,3100000,81695.1870713305,America/Los_Angeles,None
Pozzilli,1778,38373.1660497534,Europe/Rome,None
Badajoz,148334,32676.9837109377,Europe/Madrid,None
Hwaseong,640890,33121.3712885508,Asia/Seoul,None
Illkirch-Graffenstaden,27261,44460.8178457009,Europe/Paris,None
Thiruvarur,198044,2484.8454294403,Asia/Kolkata,None
Plouzane,13118,44460.8178457009,Europe/Paris,None
Baronissi,12383,38373.1660497534,Europe/Rome,None
Amarillo,198645,81695.1870713305,America/Chicago,None
White Plains,58459,81695.1870713305,America/New_York,None
Doylestown,3075,81695.1870713305,America/New_York,None
Camerimo,None,None,Europe/Rome,None
"Moncton, New Brunswick,",0,53371.6974319701,America/Moncton,None
Besancon,128426,44460.8178457009,Europe/Paris,None
Leon,144538,2530.29107203624,Europe/Madrid,None
Missoula,110000,81695.1870713305,America/Denver,None
Bosisio Parini,3223,38373.1660497534,Europe/Rome,None
Hampton,136454,81695.1870713305,America/New_York,None
Colima,146965,13926.1136190914,America/Mexico_City,None
Flint,98310,81695.1870713305,America/Detroit,None
Grand Rapids,195097,81695.1870713305,America/Detroit,None
Las Palmas de Gran Canaria,378517,32676.9837109377,Atlantic/Canary,None
Southfield,73156,81695.1870713305,America/Detroit,None
Asahikawa,333530,33834.3921056453,Asia/Tokyo,None
Ishikari District,None,None,Asia/Tokyo,None
Indore,1837041,2484.8454294403,Asia/Kolkata,None
Grand Forks,57011,81695.1870713305,America/Chicago,None
Kerman,577514,4502.5463291805,Asia/Tehran,None
Xuzhou,1253991,12614.0609948923,Asia/Shanghai,None
Urbino,5858,38373.1660497534,Europe/Rome,None
Le Rheu,6601,44460.8178457009,Europe/Paris,None
Mar de Plata,593337,13730.5147090247,America/Argentina/Buenos_Aires,None
Nuthetal,9035,52745.7557064131,Europe/Berlin,None
Homburg,1406,99994.9380204786,Europe/Berlin,None
Waterville,1849,81695.1870713305,America/New_York,None
Zhanjiang,1400709,12614.0609948923,Asia/Shanghai,None
New Damietta,None,None,Africa/Cairo,None
Kollam,367107,2484.8454294403,Asia/Kolkata,None
Bhopal,1599914,2484.8454294403,Asia/Kolkata,None
Villetaneuse,12025,44460.8178457009,Europe/Paris,None
Klosterneuburg,26816,56505.9682796867,Europe/Vienna,None
Hosur,229528,2484.8454294403,Asia/Kolkata,None
"Hamura-shi, Tokyo",None,None,Asia/Tokyo,None
Samara,1163399,13817.0458984375,Europe/Samara,None
Kashihara,79058,33834.3921056453,Asia/Tokyo,None
Nakhon-Si-Thammarat,102152,7171.80809318978,Asia/Bangkok,None
Leogane,134190,1693.06874328693,America/Port-au-Prince,None
Marietta,5376285,81695.1870713305,America/New_York,None
Banphaeo,None,None,Asia/Bangkok,None
Quang Ngai,32992,4346.76849237821,Asia/Ho_Chi_Minh,None
Barueri,251994,10043.6239221567,America/Sao_Paulo,None
Hongcheon-gun,70401,33121.3712885508,Asia/Seoul,None
Prievidza,52987,24470.238537883,Europe/Bratislava,None
Maidstone,1667,6874.20028399387,Europe/London,None
Abercynon,5983,48866.6039600298,Europe/London,None
Khlong Nueng,99195,7171.80809318978,Asia/Bangkok,None
Bhilai,625138,2484.8454294403,Asia/Kolkata,None
Hospitalet de Llobregat,257038,32676.9837109377,Europe/Madrid,None
Mississauga,668549,53371.6974319701,America/Toronto,None
Braine-l'Alleud,37512,53475.2934952935,Europe/Brussels,None
Unterschleissheim,25567,52745.7557064131,Europe/Berlin,None
Laurel,18837,81695.1870713305,America/New_York,None
Whitworth Park,0,48866.6039600298,Europe/London,None
Singapore,5638700,84734.2559206054,Asia/Singapore,None
Ismalia,429465,3512.58006529798,Africa/Cairo,None
Mangalagiri,59391,2484.8454294403,Asia/Kolkata,None
Ciudad Valles,124644,13926.1136190914,America/Mexico_City,None
Madang,27419,2994.4533269188,Pacific/Port_Moresby,None
Okemos,21369,81695.1870713305,America/Detroit,None
Crete,0,22990.0135680461,Europe/Rome,None
San Luis Potos,0,None,America/Mexico_City,None
Rishikesh,66390,2484.8454294403,Asia/Kolkata,None
Manassas,41764,81695.1870713305,America/New_York,None
Mishima,107851,33834.3921056453,Asia/Tokyo,None
Pekanbaru,1085000,4940.54980501156,Asia/Jakarta,None
Xining,1677177,12614.0609948923,Asia/Shanghai,None
Lively,0,81695.1870713305,America/Toronto,None
Haa,0,87961.7806135072,Asia/Thimphu,None
Elverum,12490,87961.7806135072,Europe/Oslo,None
